x,y,z,vx,vy,vz,mass,potential,escape_velocity,velocity_magnitude
-0.5775440000000001,1.799154,-0.6746899999999999,-86.91165199999996,-317.629028,223.43348700000004,,,1211.2949682055153,397.9501951181493
-0.9131760000000002,1.579937,-0.7570719999999997,-18.412139999999955,-337.5336,205.995102,,,1210.9063237922246,395.8559334863253
-0.9060980000000002,1.599514,-0.8218239999999998,-35.85986299999995,-328.119781,215.757523,,,1209.9714356132545,394.33466648135595
-0.8285210000000002,1.683501,-0.7571879999999998,-69.74145499999996,-321.148346,221.89704900000004,,,1209.8229209268602,396.5330138071244
-1.089958,1.663377,-0.3299269999999998,22.432983000000043,-343.955475,194.5009,,,1209.3209354840426,395.77671433469135
-0.7485500000000002,1.76317,-0.6500769999999999,-69.06008899999996,-326.641632,222.28472900000003,,,1209.7335967063161,401.0917007305372
-1.358277,1.338398,-0.4877429999999997,6.177032000000035,-368.975769,158.847824,,,1209.7998284840348,401.76349389037995
-1.188339,1.657214,-0.057017999999999736,28.22222900000004,-347.054657,188.425812,,,1207.2743577994192,395.9137731665513
-1.27573,1.583811,-0.07096799999999973,28.775665000000046,-341.253113,201.504532,,,1207.7272042973943,397.3484647572229
0.3227920000000005,0.474576,2.192713,158.622681,-360.251221,-40.64629700000003,,,1206.0167909278875,395.71987392526904
-1.3293030000000001,1.136058,-0.8309629999999997,-29.01629599999997,-387.042175,146.428467,,,1210.9997419487752,414.83115433903987
-0.2654410000000002,1.63827,-0.9144589999999999,-113.13687099999997,-353.197205,156.69030800000002,,,1213.3487235745542,402.6165294925402
0.1502460000000005,0.141098,2.261768,154.27182,-360.788086,-62.25000400000003,,,1205.112079849837,397.294475727584
-1.233239,1.529144,-0.3301149999999997,10.71978800000004,-366.740082,187.741989,,,1209.4314780093994,412.1410632705843
-1.5271750000000002,0.915558,-0.7835379999999996,12.099884000000019,-401.359314,89.994934,,,1208.5839854970775,411.50309145014745
-0.21797999999999967,1.63483,1.464731,161.737061,-361.71286,35.626029999999965,,,1205.230112883013,397.8244386709522
1.1570010000000004,0.026528,1.9750819999999998,114.39562999999997,-361.969543,-131.35604900000004,,,1205.8694995728185,401.6997906790793
-1.049713,1.754785,-0.04808499999999977,1.6949160000000456,-353.969238,205.441422,,,1208.2705098610988,409.27163603642236
-0.2557179999999995,-0.251032,2.27179,195.99133299999997,-329.346405,-96.78978000000004,,,1204.2568766671004,395.284604569909
0.02762900000000028,-2.022986,1.243501,195.29272499999993,-251.690521,-235.82333400000005,,,1203.9521896653537,396.35843835858043
0.5572170000000004,-0.225212,2.230607,157.06051599999998,-355.656586,-93.91999800000004,,,1205.0811176016327,399.97572285787754
-0.8645910000000001,1.723809,-0.5107529999999998,-12.729888999999957,-373.644562,190.471802,,,1210.693654480769,419.5852906659758
0.4001070000000004,-1.441581,1.812454,166.41482499999995,-298.344086,-209.47746300000003,,,1205.0326759055126,400.72920424629945
-1.4029780000000003,1.034601,-0.8006209999999997,-6.9443049999999715,-402.128052,127.793518,,,1210.6835878956979,422.00281612812023
0.9419560000000003,-1.797981,1.3175369999999997,128.97518899999994,-309.377899,-217.55613700000004,,,1203.7544392441507,399.59974538730967
-1.099482,1.666023,-0.15636999999999976,35.05011000000004,-376.515076,185.133804,,,1209.6731480032117,421.0304478892332
-1.252883,1.411263,-0.39545399999999975,-0.719665999999958,-381.763794,189.658585,,,1210.898633247226,426.27982733484845
0.06564400000000035,1.524718,1.623491,140.740662,-382.356537,32.23746499999997,,,1206.0259118277684,408.7098108394963
0.42716800000000016,-2.210088,0.7571239999999999,185.69293199999996,-245.594437,-266.27343800000006,,,1204.3786260972918,407.0626932850067
0.16957300000000017,-2.214952,0.768933,191.68102999999994,-255.842102,-247.19882200000004,,,1204.8935118922336,404.1089655227003
-1.185118,1.537235,-0.09438899999999974,30.687683000000042,-376.625061,198.3246,,,1210.5825044167786,426.7561568698479
0.5022000000000003,-1.928845,1.3410299999999997,162.23364299999994,-304.83255,-215.76382400000003,,,1204.7467576217005,407.18136770689415
-1.423265,1.30798,-0.32927499999999965,27.807739000000037,-395.786987,156.457047,,,1209.3864146748135,426.4966787476668
-0.8293530000000001,1.766213,-0.41094899999999984,-21.659545999999956,-382.394043,198.608505,,,1210.9682076751644,431.4390783333691
-1.3508280000000001,1.16701,-0.6059139999999996,-2.127349999999967,-407.625305,147.065063,,,1211.5365760058587,433.34864445335415
-0.5406499999999995,-1.06537,1.9932670000000001,160.70620699999998,-330.483337,-171.80751000000004,,,1203.155798307102,405.6643212008945
0.9167080000000002,-1.937791,1.1820019999999998,129.25649999999993,-303.371216,-241.92742900000002,,,1203.871878565157,408.9868193378837
0.42085799999999995,-2.508776,-0.2258960000000001,19.07867399999994,-288.411743,-277.079254,,,1199.5312626188615,400.3976052614361
0.1588130000000005,-0.293546,2.254991,171.97241199999996,-363.575836,-96.96466100000005,,,1205.0067427197243,413.7197656567082
0.3412389999999999,-2.573615,-0.46590200000000004,85.45587199999994,-264.106201,-284.068634,,,1198.1278625422246,397.17726557364625
-0.801237,1.828273,-0.07247199999999981,-12.033324999999964,-403.922119,161.93898,,,1210.8447464477022,435.3413745228521
-0.9862930000000002,1.385411,-0.9370049999999998,-38.401854999999955,-390.010864,197.362854,,,1211.262564434318,438.7884144374061
-1.119288,1.517563,-0.2993389999999998,21.756287000000047,-387.535645,203.262192,,,1211.7218637129563,438.14692839986594
-1.089453,1.624215,-0.25479299999999977,29.510956000000043,-391.523834,187.88504,,,1210.5817299959554,435.2730147503922
0.5946540000000001,-2.204758,0.7219719999999998,167.65423599999994,-268.155823,-269.12503100000004,,,1203.7670559539333,415.2634953475949
-0.8903280000000002,1.375115,-0.9897829999999997,-41.262847999999956,-395.900421,195.932251,,,1212.5288656357836,443.6543845776522
-0.5095690000000002,1.782523,-0.5651559999999999,-76.17376699999996,-401.017914,177.76254300000002,,,1213.36546431815,445.2160507233635
-1.338885,1.452921,-0.0333219999999997,35.80267300000004,-391.015717,185.1689,,,1208.9831471116543,434.12284420677406
-1.252652,1.594686,0.06205000000000028,30.47845500000004,-392.202667,170.110535,,,1207.2152873452192,428.5900866085054
-1.6658460000000002,0.57845,-0.7594349999999996,-21.14505,-433.650696,3.416153000000005,,,1208.9471142279135,434.1793516302984
0.5117380000000005,-0.673266,2.128364,176.48327599999996,-362.319153,-142.31459000000004,,,1205.4113405804676,427.40491090439946
-0.7731620000000001,1.757037,-0.5146629999999998,-39.60064699999996,-395.932281,196.799042,,,1210.3381242446262,443.9149077388586
0.1708840000000004,1.220722,1.797938,166.962219,-401.507751,-6.5815580000000375,,,1208.0667924415438,434.8886910373611
-0.8773710000000001,1.617803,-0.6348639999999998,-11.46878099999996,-408.671021,179.183533,,,1211.2012116077162,446.37459027275565
0.5300490000000004,-0.371885,2.170274,158.95156899999998,-384.305603,-124.24984700000003,,,1206.2686786118588,434.0442630242667
-0.9212519999999995,-0.637258,1.9614950000000002,165.58871499999998,-359.782074,-159.55743400000003,,,1204.1146643903976,426.9910280693929
0.6446420000000003,-2.06246,1.0221639999999999,156.98101799999995,-302.207977,-262.46713300000005,,,1204.5034765412677,429.95545964668077
0.8414840000000002,-2.09422,0.8940649999999998,141.28729199999995,-307.570892,-258.64898700000003,,,1202.761665917234,425.9826885713727
0.37831100000000045,0.734871,2.03491,151.042847,-407.330994,-54.14304700000004,,,1206.9115025551791,437.7944150412813
0.22717700000000024,-2.056597,1.116473,191.68688999999995,-308.523285,-239.02972400000002,,,1205.846227758747,434.8168466614184
-1.030362,1.662419,-0.22017299999999979,27.57055700000004,-413.43396,177.60022,,,1211.0202826542584,450.80995223998804
1.1110920000000004,-1.369552,1.5065209999999998,83.95806899999995,-364.284607,-221.74182100000002,,,1205.3619269746328,434.65120203186973
-0.5965079999999997,-1.492643,1.6551390000000001,177.59490999999994,-331.991791,-204.58876000000004,,,1203.539155989534,428.503281279891
0.03308400000000048,-0.788092,2.147565,187.79296899999997,-356.017456,-154.69256600000003,,,1204.626705664456,431.21272958739434
-0.8242610000000002,1.525159,-0.8201799999999998,-51.83032199999996,-411.115601,196.69664,,,1212.9218338376138,458.68506390714805
0.7915310000000004,-1.202912,1.8437489999999999,161.27481099999997,-356.619904,-188.80876200000003,,,1205.0071576550904,434.5527231533909
-0.9989490000000001,1.603946,-0.4457159999999998,17.40664700000004,-422.743256,171.005173,,,1211.8149611223655,456.3525183956193
-0.5315069999999995,-1.278147,1.8438500000000002,166.58233599999994,-347.920593,-193.50202900000002,,,1203.4224112920617,431.5570054208428
-0.08066699999999952,0.16105,2.218657,169.78985599999996,-398.813354,-65.01545700000004,,,1205.8365871875012,438.30091966381826
-1.4769880000000002,1.069841,-0.6023829999999997,23.765350000000023,-435.707489,100.047302,,,1208.1047140045437,447.6776412428779
-0.8656339999999996,-0.368928,2.036125,174.38885499999998,-369.433289,-135.78886400000002,,,1203.2317939615791,430.5009214345296
0.9827010000000004,-1.601134,1.4430579999999997,120.46591199999996,-359.189667,-214.70207200000002,,,1204.6773945749958,435.4609426282176
0.39394999999999986,-2.982798,-0.8478970000000001,14.951140999999936,-273.039337,-287.285217,,,1188.5009991581833,396.61922806810384
-0.9320690000000001,1.529669,-0.7005849999999998,-0.5014039999999621,-429.454956,170.42128,,,1212.0918385171974,462.03379023159283
-1.255437,1.357792,-0.4921249999999997,-1.2016599999999653,-433.294128,156.079453,,,1211.428959947714,460.5497160945984
0.36017600000000044,-1.26151,1.895696,182.51184099999995,-348.173065,-209.84774800000002,,,1205.7828369984372,445.61320967558294
0.8198080000000003,-1.626356,1.4785339999999998,164.16082799999995,-340.843079,-234.30313100000004,,,1204.8776908881664,444.99521250036946
-0.2741069999999995,-0.675506,2.157814,184.17547599999997,-372.90036,-147.85595700000002,,,1203.4051686776154,441.4030680323167
0.5390270000000005,0.340201,2.119842,154.64236499999998,-418.888916,-81.12046800000003,,,1206.846562326794,453.831152885065
-0.7889240000000001,1.644306,-0.6228689999999998,-42.643859999999954,-430.596863,191.407013,,,1212.8083113171676,473.14775900000046
-1.0820649999999996,-0.383622,1.9184060000000003,187.87298599999997,-386.057007,-116.28976400000005,,,1204.869546880491,444.81409682420133
0.5018150000000005,0.529013,2.07109,159.47534199999998,-424.842957,-67.69871500000004,,,1207.955348926441,458.81046068193785
-0.7593500000000002,1.565795,-0.7899629999999997,-81.63671899999996,-429.829254,191.78347800000003,,,1212.9491436164997,477.7014171185365
-1.123964,1.629395,0.03407200000000025,16.940063000000034,-440.928345,154.562744,,,1209.3851226966538,467.54081425228804
-1.3651280000000001,0.252258,-1.2965869999999997,-96.915863,-400.888763,3.391876000000021,,,1211.5089248536306,412.4511966566521
0.9357610000000002,-2.013164,0.9217579999999997,76.00787399999994,-364.920593,-257.112457,,,1203.3007209338818,452.8256305136099
-1.0162630000000001,1.520691,-0.5456789999999998,11.617767000000038,-447.888092,167.654312,,,1212.4336579788603,478.3792259261057
0.8860180000000004,-0.857317,1.9232479999999998,130.57940699999997,-408.821167,-173.49987800000002,,,1206.6626496249894,462.9124493743157
0.1854029999999998,-3.124396,-1.011031,39.78625499999993,-296.014069,-283.742157,,,1186.035518017905,411.9670943071479
-0.22084299999999968,-1.735898,1.489012,184.84728999999993,-353.328156,-227.89804100000003,,,1204.4844332742537,459.2894768382377
1.1426660000000002,-1.455886,1.3320929999999997,40.82784999999994,-390.754333,-251.65863,,,1206.5630940816977,466.57038927408826
0.006047000000000491,-0.262018,2.211873,191.96112099999996,-409.934479,-110.09915200000005,,,1206.1678987603675,465.85101944687983
0.2657520000000003,-1.687679,1.568172,177.42608599999994,-355.511627,-238.30316200000001,,,1205.0690851565316,463.3108351254746
-1.1972990000000001,1.303276,-0.6544919999999997,-27.97900399999996,-450.887787,178.94281,,,1212.0162952699934,485.90446631131664
-0.6742650000000001,1.722144,-0.5146579999999998,-51.73767099999996,-453.233643,174.749771,,,1212.9394049168327,488.5028190421301
0.6643330000000004,1.143615,1.7519179999999999,105.46023599999998,-449.175751,-71.01853900000003,,,1205.3460602665111,466.82368143152746
0.3010300000000004,1.042626,1.820271,140.257843,-450.796387,-63.248158000000025,,,1208.881249337585,476.3296910183737
-0.891053,1.720212,-0.0568329999999998,-4.724395999999961,-457.199615,172.224213,,,1212.8167112140234,488.5846778370996
-1.0046350000000002,1.364889,-0.8363379999999998,-29.409881999999957,-450.285461,192.163315,,,1212.7443052845065,490.45762016613185
0.4251049999999998,-3.439417,-0.9429590000000001,-18.354706000000075,-245.034592,-329.676392,,,1182.5949221944088,411.1755950334244
0.8958390000000004,-1.270358,1.6965129999999997,123.56832899999996,-408.962341,-202.14302100000003,,,1206.4832157970536,472.6321288561104
-0.40352799999999966,-1.636566,1.572493,187.23644999999993,-363.086731,-229.30426000000003,,,1204.9599059719787,468.47615317219345
-1.095191,1.46448,-0.46695399999999976,14.354553000000038,-460.323486,174.345978,,,1212.458504444585,492.4431794631727
-0.9323920000000002,1.450845,-0.7905919999999997,-23.46859699999996,-460.881866,176.587402,,,1212.864532831264,494.1113032484685
0.46747099999999975,-3.969882,-1.153572,15.618682999999931,-247.363403,-309.593414,,,1174.2517298262753,396.58628114770977
0.6199969999999998,-3.664082,-1.2238740000000001,-14.226868000000076,-215.766006,-346.759857,,,1178.1016509622589,408.65605531417486
0.11070599999999979,-3.547584,-0.956085,68.17791699999994,-311.783325,-269.751892,,,1181.682698527824,417.8793526271598
0.7708480000000001,-2.318505,0.32282199999999983,-28.99926800000005,-372.428711,-229.768188,,,1201.66197410087,438.5630200307143
-1.0667350000000002,1.275976,-0.8718779999999998,-39.62741099999997,-468.20343,175.756622,,,1212.9858820283112,501.67237689868745
0.4147419999999996,-3.633642,-1.79277,-35.23965500000008,-202.880737,-344.60376,,,1174.5628974218453,401.44013020165266
0.7481790000000005,-0.550132,2.043109,150.84194899999997,-432.058411,-154.48478700000004,,,1206.5065789294313,483.00446530896465
0.7723810000000004,-0.318793,2.073145,150.19943199999997,-438.91861,-138.47445700000003,,,1206.8664487009323,484.1328235297619
-1.241263,1.462746,0.06644400000000028,45.04480000000004,-465.173859,160.650986,,,1210.459313649162,494.1907449626754
-0.4323769999999996,-1.489934,1.670083,174.10913099999993,-385.273682,-231.38229400000003,,,1205.8858258558312,481.96220341030346
1.2372730000000005,-0.886721,1.6394539999999997,39.73821999999995,-421.802826,-237.064758,,,1206.077060141681,485.4857872646255
-0.5824119999999996,0.903874,1.9360110000000001,208.904663,-338.305237,2.5493559999999538,,,1205.8119152670536,397.61550626300334
-0.836602,1.706919,-0.2147479999999998,-9.53506499999996,-471.559784,179.303055,,,1212.6120051360203,504.58808238306017
0.6613070000000004,0.362152,2.033465,148.80535899999998,-457.915161,-107.06080600000003,,,1208.4745549658876,493.2457254980974
1.1689690000000004,-0.638011,1.7849539999999997,98.88452099999996,-437.51123,-197.04275500000003,,,1206.8204609634358,489.91843419849226
-1.4223220000000003,0.963038,-0.7001829999999997,8.118073000000024,-495.230835,102.919312,,,1212.6048408282065,505.87732487885233
-0.6632290000000002,1.40113,-0.9895719999999999,-46.12914999999997,-482.309052,173.731461,,,1215.7883759108738,514.7159805776927
0.6042239999999997,-3.679823,-1.4615050000000003,-25.152435000000082,-200.140793,-361.123444,,,1176.2286129830375,413.6412984888226
0.4003139999999998,-3.48876,-0.9458100000000002,-5.936523000000076,-257.784363,-340.01535,,,1181.2900786851635,426.72995951569635
-0.8470820000000002,1.370014,-0.7650489999999998,-25.127074999999966,-491.794708,158.948013,,,1216.478164621133,517.4532592916089
0.9567060000000004,0.23505,1.9465959999999998,128.80090299999998,-459.781677,-140.80799900000002,,,1208.9895057443634,497.8109638215411
-0.8888280000000001,1.555103,-0.5699569999999998,8.941559000000034,-486.670349,155.419174,,,1213.7218585821054,510.9629142315267
-1.255309,1.401897,-0.23739799999999972,22.72189300000004,-472.835907,175.659729,,,1211.0589374592798,504.92219179034856
-1.134796,1.448716,-0.3922629999999997,17.703369000000034,-485.001648,156.073364,,,1212.5745337916346,509.8028077472137
0.6282279999999997,-4.189888,-1.3685710000000002,46.39010599999993,-247.049881,-313.436462,,,1170.1767494699252,401.78116101664455
-1.118235,1.504471,-0.16318399999999975,41.28839100000003,-480.226379,164.982239,,,1212.4663397389636,509.45190695911
0.7042819999999995,-3.850568,-1.8420710000000002,-5.469788000000084,-163.755676,-375.549469,,,1171.767575076218,409.73557774394436
-0.9787220000000001,1.436727,-0.6783389999999998,0.01532000000003651,-489.136688,164.418365,,,1213.5368247399829,516.031102290923
0.5783979999999996,-3.869314,-1.3921730000000003,-3.187439000000077,-229.666672,-348.952911,,,1173.8970887603393,417.76198258135963
0.7772940000000005,0.194505,2.0234,145.79455599999997,-463.891815,-128.71873500000004,,,1208.2059530560177,503.01111451262346
0.2689659999999997,-4.585294,-1.197056,14.885955999999938,-291.231506,-276.297363,,,1167.4593140662332,401.71832740592725
-0.7346200000000002,1.730422,-0.2794539999999998,-29.429137999999963,-494.5802,159.081909,,,1213.3761267636676,520.3678527412577
-1.5774110000000008,-2.722749,-3.5409429999999995,-193.00636300000008,-107.976288,-337.52017199999995,,,1167.7776971667167,403.5222440407174
0.28565600000000047,0.583063,2.035857,171.797546,-476.188538,-58.622929000000035,,,1208.6586056451176,509.61413671398344
-1.190553,1.447101,-0.20734399999999972,31.748138000000036,-491.085175,163.742447,,,1211.8012419534814,518.6368501377389
0.12661200000000028,-1.922265,1.259325,194.92608599999994,-383.538696,-264.07409700000005,,,1207.065139087365,504.81010195817714
0.7543099999999996,-3.948656,-1.9847170000000003,20.239165999999916,-165.776535,-379.050629,,,1169.1904250377695,414.21113304965314
0.7495899999999994,-4.342783,-2.585714,34.694762999999924,-182.455261,-348.940247,,,1162.156992406792,395.2884324422172
-1.0779890000000003,1.024531,-1.0344299999999997,-66.43157999999998,-518.741821,95.33114600000002,,,1215.9747633071995,531.5959547187748
0.7179339999999995,-4.110457,-1.8336390000000002,38.94537399999992,-192.595505,-364.862762,,,1168.5996962176569,414.4087424228325
-0.7553839999999996,0.149871,2.122812,175.09600799999998,-377.71106,-115.99176000000004,,,1203.6679878604398,432.178603417334
-0.8396080000000001,1.500635,-0.6868829999999998,-31.94168099999996,-498.362366,175.517883,,,1214.4722104683992,529.3315086814929
-1.297997,1.229467,-0.35203999999999974,17.26385500000003,-505.498657,145.021011,,,1212.9417236619408,526.1730005898505
1.0051170000000005,0.575505,1.7878239999999999,95.37417599999998,-491.229553,-136.46371500000004,,,1209.1914137141398,518.6762503719059
0.08390000000000042,-1.213296,1.896597,188.45227099999994,-417.816986,-223.48919700000002,,,1206.189609887268,509.93402848886876
-0.5718649999999995,-0.716029,1.9936350000000003,182.17999299999997,-440.794525,-178.36683700000003,,,1205.633391624502,509.21909985863675
0.9186470000000004,-0.289929,1.9849029999999999,139.19363399999997,-472.896637,-157.91308600000002,,,1207.8872567421183,517.6317607740846
0.8491880000000005,-0.490883,1.9809549999999998,145.32830799999996,-468.787048,-164.98091100000002,,,1207.908212572462,517.7840423121276
0.7680340000000004,-0.014745,2.03933,147.11358599999997,-477.760681,-138.87945600000003,,,1208.1403064214023,518.8305877588745
0.24120699999999942,-4.233944,-2.658694,1.2245179999999227,-222.468063,-347.70694,,,1164.3964101627932,412.7876628770146
-0.73252,1.869233,0.03372900000000016,43.25180100000001,-457.504639,40.058806999999995,,,1211.3312408255638,461.2872434985897
1.0547460000000004,-0.356062,1.8816329999999997,121.52539099999996,-473.356445,-176.05139200000002,,,1207.4208048563682,519.4505147806465
0.7510200000000005,-0.197108,2.049547,149.96008299999997,-477.914856,-140.87448100000003,,,1207.816004199315,520.3232221186048
-1.3801240000000001,1.086219,-0.5391949999999996,18.999023000000026,-520.545959,110.661118,,,1212.1055028338087,532.5175502677768
1.0048390000000005,-0.728628,1.8454789999999999,117.70010399999995,-471.040192,-191.71710200000004,,,1207.9689565547617,522.0034714063557
0.3941669999999997,-3.787101,-1.142718,-15.643921000000079,-283.018768,-348.943542,,,1177.223799878341,449.56195436001684
-1.029361,1.528491,0.013455000000000229,31.636017000000034,-515.094055,152.545609,,,1213.5285328330767,538.1383519998814
-0.7538659999999996,-1.050136,1.7943140000000002,173.26910399999994,-440.97406,-207.29213000000001,,,1205.5603987357913,517.1560027243069
0.5974769999999996,-4.084005,-2.189365,-1.0167850000000864,-182.251419,-388.819397,,,1167.284241305433,429.414877551644
-1.4292120000000001,0.57455,-1.0142999999999998,-40.27725199999999,-539.197021,41.938576000000005,,,1213.5432625168335,542.3232694997087
-0.19229800000000044,-0.51013,-1.994161,-140.91314700000007,-363.039551,-211.69341999999997,,,1211.941624006701,443.24748691788614
0.8120999999999995,-4.500773,-2.278059,59.104766999999924,-208.682968,-360.703064,,,1162.1242941269234,420.89031230761464
-0.7164899999999996,-1.253037,1.6663590000000001,186.97094699999994,-437.881653,-220.43391400000002,,,1206.4516152751423,524.6804622791367
0.2712009999999998,-3.601243,-1.043185,20.782012999999928,-340.061279,-319.691467,,,1180.0581553465913,467.2003848586387
0.6219030000000004,-0.864013,1.9434809999999998,183.60162399999993,-456.384369,-197.93678300000002,,,1207.6065170410434,530.2595766861308
-0.5711449999999997,-1.648833,1.4075100000000003,179.27648899999994,-410.451782,-204.14117400000003,,,1205.0557041066609,492.22387566760807
-0.8481760000000003,1.362149,-0.8535009999999997,-29.149474999999963,-525.629028,164.524826,,,1215.6373328423242,551.5469022117073
0.2630760000000004,0.820292,1.906393,177.316467,-501.41507,-59.41639300000004,,,1209.4854794498362,535.1527909388097
0.029441999999999583,-3.72956,-1.871007,-30.67514000000006,-364.762482,-269.049286,,,1174.7086872923005,454.29082181564013
1.1310639999999996,-4.969969,-2.2309410000000005,102.22650099999993,-233.421692,-327.822784,,,1158.6917191384427,415.2152712899136
1.0338010000000004,-0.538748,1.8642929999999998,121.41683999999995,-484.592682,-186.64053300000003,,,1207.6031529438799,533.2980452261783
0.9043299999999994,-4.66045,-2.730649,61.425658999999925,-224.760086,-346.564087,,,1158.8544990636228,417.6085179213365
0.20682499999999976,-4.235314,-1.187056,53.34536699999993,-325.723389,-306.843994,,,1171.5465206298895,450.6602833353324
0.2947809999999994,-4.47686,-2.763457,2.6913449999999224,-242.756912,-349.624603,,,1160.9493421334112,425.64718333919745
-1.13696,1.584722,0.30190500000000026,25.842377000000017,-527.051697,72.068146,,,1206.6877185088113,532.583455833419
1.0662489999999996,-6.105075,-2.4074640000000005,40.38253799999994,-301.256165,-252.214844,,,1150.2365517579417,394.9662692683681
1.1706760000000005,0.2595,1.7542989999999998,80.87872299999995,-506.725464,-170.95735200000001,,,1208.8742180227023,540.8682648325541
0.9654460000000004,0.871447,1.6683589999999997,15.63565099999998,-504.602448,-84.926224,,,1206.6108527607398,511.9380505810099
-0.020745000000000253,-3.345263,-1.14549,17.22643999999994,-353.946472,-264.598572,,,1182.9310525132055,442.25248397353243
0.5368509999999994,-4.326085,-2.496029,3.7918089999999145,-202.942398,-386.177307,,,1163.6740308179092,436.27159793327723
0.39752699999999974,-3.918501,-1.270442,-4.604401000000079,-297.429169,-354.485809,,,1174.6311123071787,462.75857621764703
-0.9387880000000002,1.160031,-1.0004859999999998,-41.533660999999974,-541.612549,137.679916,,,1216.330752714902,560.3792978868039
0.2825950000000001,-2.288868,0.5077819999999998,182.97100799999996,-291.510773,-212.82896400000004,,,1204.2107373711628,404.6641675030134
-1.15292,1.465708,0.02041400000000026,43.576721000000035,-527.096313,153.592453,,,1212.64463054928,550.7450366638477
0.4983739999999996,-4.039253,-1.628457,-21.13867200000008,-271.152283,-367.013184,,,1171.6199255731358,456.8031099498487
0.3195729999999997,-4.107242,-1.248189,22.308410999999925,-316.149536,-332.277283,,,1172.6926813961106,459.191013753778
-1.1336350000000002,1.311788,-0.5666199999999998,-4.231322999999963,-532.249756,162.23053,,,1214.4591388762324,556.4408789085062
0.2678069999999995,-4.11936,-2.341687,-25.285858000000086,-217.160095,-387.077911,,,1166.296542479656,444.55279850578955
-1.2252710000000002,1.002536,-0.8371329999999998,-35.85516399999998,-549.094727,102.53834500000002,,,1215.36059463848,559.7362988050807
-0.9471070000000001,1.555208,-0.26940999999999976,25.87255900000003,-535.060547,147.987961,,,1213.878855158125,555.7513966388975
-1.360834,1.410913,0.2997000000000003,76.971741,-518.901428,15.678275999999983,,,1205.029719550518,524.8134423119728
0.9566260000000004,-0.91139,1.7593589999999997,111.59680199999995,-487.30481,-213.86569200000002,,,1207.833287337288,543.7447547153004
-0.6323980000000001,1.601297,-0.5797089999999999,-65.34417699999996,-536.467102,166.85296600000004,,,1216.2191414379236,565.6029749383245
0.5951679999999996,-4.289173,-1.7834300000000003,24.636565999999917,-263.64679,-368.048523,,,1167.402565527419,453.4052332561436
-1.22597,1.246499,-0.4044189999999997,7.892548000000033,-541.459106,151.904968,,,1214.9272097537366,562.4192164989854
0.47626799999999964,-4.108884,-1.872192,-30.824432000000087,-249.92308,-385.529968,,,1169.7740700665236,460.4834934619156
-1.4543720000000002,0.65871,-0.8972059999999996,-6.436919999999987,-556.937134,54.559708,,,1212.8378395317322,559.6402120150639
0.6637949999999996,-4.37345,-2.145452,34.64108299999992,-228.412369,-384.673492,,,1164.8025047191477,448.71584593267835
0.24170999999999976,-3.888128,-1.116758,43.51840199999993,-352.333771,-317.306732,,,1176.1961996197742,476.14756081726796
-0.35398299999999955,-0.994643,1.937888,183.09545899999995,-463.699677,-212.84710700000002,,,1206.464255583231,542.0749288747769
0.34986099999999964,-4.237938,-1.38554,3.490661999999925,-316.753815,-337.639618,,,1170.3235129655388,462.97481106582717
0.19595599999999977,-2.503017,-0.971575,36.967681999999954,-355.681824,-227.634888,,,1196.3654333020493,423.9030687211319
-0.43930599999999975,-1.953467,1.086261,199.12298599999994,-370.465942,-232.06430100000006,,,1204.361760435792,480.36321417665005
3.916918999999999,-4.392425,-3.546303000000001,121.76815799999997,361.301178,-120.90077200000003,,,1143.0245513548691,399.9787771833608
0.2581579999999995,-4.116428,-2.259423,-32.22534200000008,-242.105713,-389.864655,,,1168.059341386387,460.0522776299715
0.8823269999999995,-5.347514,-2.061093,80.91039999999992,-280.933319,-311.694397,,,1156.6367191127904,427.3446146539223
2.107625000000001,-2.801011,4.372109999999999,220.95574999999997,-326.692963,-75.12397800000004,,,1160.471402060387,401.48891342392795
-1.6468850000000002,-0.130292,-1.0471199999999996,-123.22117600000001,-448.320221,-41.01474399999997,,,1209.698464494355,466.7512056735337
1.1186059999999993,-5.214022,-3.0754470000000005,57.80819699999993,-271.822571,-318.724884,,,1152.2693370041573,422.8650487167913
-0.49683800000000006,1.774494,-0.1763139999999999,-6.763518999999999,-539.786133,5.816998000000002,,,1218.5928360203009,539.859844806121
0.6035160000000005,0.014065,2.057091,157.35507199999998,-515.515381,-132.42181400000004,,,1208.2781654072874,555.0245612175654
-0.47196800000000005,1.702091,-0.28170299999999987,-64.64175399999999,-574.396606,74.52751900000001,,,1221.5027118267074,582.8073167289607
-0.7956090000000002,1.391712,-0.7981289999999998,-35.55325299999996,-552.07489,160.174667,,,1216.6967576187585,575.9397901829278
0.6297509999999995,-4.936465,-1.7665850000000003,86.67553699999993,-311.75354,-311.481445,,,1160.9527875844046,449.136514877223
-1.0569840000000001,1.302815,-0.6904999999999998,-19.701720999999964,-547.826721,165.293915,,,1214.591289282119,572.5594749788016
-1.045972,1.463871,-0.26873599999999975,32.100952000000035,-550.39563,155.321671,,,1214.430010334066,572.7919710720772
0.11974499999999966,-3.647644,-1.557603,-19.052124000000067,-381.030243,-310.430634,,,1178.0471128100098,491.8477488361539
-0.0946479999999997,-1.815494,1.295421,200.76898199999994,-437.714966,-281.62872300000004,,,1207.53788760436,557.8685447417771
-0.7394760000000005,0.159357,-1.7514439999999998,-129.91764800000004,-430.449493,-116.37951699999998,,,1214.2896586070392,464.44542549471004
0.6556339999999994,-4.819526,-2.922976,29.546843999999922,-271.917053,-353.531647,,,1156.8795313255396,446.986045792369
-1.663230000000001,-3.333961,-4.967108,-220.4815370000001,-103.125458,-343.6603089999999,,,1152.4037378453786,421.128693189585
0.4733450000000001,-2.318864,0.4577559999999999,164.86962899999995,-373.550262,-237.23532100000003,,,1203.8100452313895,472.23128902778063
3.7356209999999987,-4.386694,-6.235354000000001,285.835938,247.9758,-106.08435100000005,,,1132.479028503398,392.99881725658037
-1.092351,1.296835,-0.3396689999999998,19.86734000000003,-563.644165,147.472778,,,1216.5629864499413,582.955981347014
-2.484407000000001,-2.157329,-3.9675339999999997,-235.69335900000004,-168.847031,-273.36004599999995,,,1161.0621215077167,398.4801050282686
3.0497859999999988,-4.784764,-6.481156000000001,293.673279,227.883698,-126.76805100000007,,,1132.4767657660796,392.74051658455824
3.3524939999999988,-4.868125,-6.020561000000001,281.59625199999994,246.13089,-128.78816200000006,,,1133.3328063724266,395.5543639298874
4.1992959999999995,-4.708126,-3.457423000000001,125.26275599999997,370.452606,-125.52716100000004,,,1140.5556211776784,410.7103109024981
2.6056189999999986,-5.495572,-6.143531000000001,294.03887899999995,219.506012,-146.21102900000005,,,1132.9464351857064,394.99293242912535
2.4089019999999985,-5.5069,-6.332523000000001,299.82452399999994,219.088104,-135.63505600000005,,,1132.6839806406729,395.33683223583466
1.9442139999999988,-6.267044,-5.818962,316.7794799999999,177.252838,-156.27888500000006,,,1133.1374585636113,395.2099409490706
5.0673639999999995,-3.413276,-5.710464000000001,241.20141599999997,308.070526,-77.54589800000005,,,1132.5853168746273,398.87208271192424
4.760476999999998,-3.557379,-6.235937000000001,274.490967,270.405914,-87.88923600000005,,,1130.9369456340173,395.2077518159711
3.7107039999999984,-4.674763,-6.365052000000001,292.473938,239.794769,-113.87081900000007,,,1131.1510177690686,394.9798717260437
2.8355059999999987,-5.493551,-6.566912000000001,315.633789,215.093414,-94.19665500000008,,,1130.6797734106683,393.3991297878796
4.630336999999998,-3.870336,-6.376555000000001,278.607666,261.996735,-94.91603100000006,,,1129.9007146647887,394.04767940621196
-0.3570250000000003,-4.982554,-1.390292,44.23577899999994,-312.81662,-299.698792,,,1163.7362244082633,435.4657366753675
2.3623239999999988,-6.038963,-6.408133000000001,327.93103,194.213959,-98.16285700000007,,,1130.6996174935234,393.5654568197228
4.606251999999998,-3.71528,-6.260829000000001,281.610352,264.373993,-94.60217300000005,,,1130.8990339548443,397.67772085527986
1.836626999999999,-6.93363,-5.497813,323.54644799999994,170.003204,-152.3600920000001,,,1132.405294053326,395.97599803262165
3.0668869999999986,-5.558969,-5.9615860000000005,289.19549599999993,241.497772,-132.11396800000006,,,1132.3038461473138,399.2609539240658
1.4617209999999987,-6.618678,-5.994746,343.33148199999994,142.280365,-134.74525500000007,,,1131.6863523079176,395.31821681003333
2.2456819999999986,-5.889218,-6.083035000000001,312.4629519999999,205.614716,-140.92012000000005,,,1132.7787184618185,399.7111307295924
3.3286999999999987,-5.070625,-6.5279370000000005,308.734375,224.318634,-109.07684300000007,,,1130.6228372008059,396.90492758986153
0.6746440000000005,-0.683694,1.9423769999999998,155.73870799999995,-514.825073,-193.44104000000002,,,1208.8111928667768,571.5932442876194
4.255944999999998,-4.760472,-6.497522000000001,288.73223899999994,222.413055,-147.78739900000005,,,1128.8923221459165,393.28741166680044
-2.3865590000000014,0.03274,-6.251890999999999,-187.5601350000001,164.418549,-324.44488499999994,,,1146.453389807017,409.2392294235083
2.7098419999999988,-5.25958,-6.369505000000001,299.84179699999993,226.95224,-140.25335700000005,,,1132.3741100007542,401.3519983991312
4.145056999999999,-4.322534,-6.217160000000001,276.293091,263.890289,-119.96191400000005,,,1131.378694337135,400.45825946455545
3.2964699999999985,-4.712583,-6.3459840000000005,301.20935099999997,233.611542,-128.92092900000006,,,1132.331389214306,402.39536729401095
3.240189999999999,-5.25871,-6.0601270000000005,293.55749499999996,241.929657,-131.40730300000007,,,1132.477538408599,402.45973846901313
2.713019999999999,-5.89565,-6.4566040000000005,324.432007,206.617096,-92.59137000000007,,,1129.869240222071,395.62597655361077
-2.1691640000000008,-3.162454,-4.387356999999999,-249.5613400000001,-152.818817,-351.48107899999997,,,1157.2869674372039,457.3547880441172
2.919089999999999,-5.481222,-6.0759110000000005,297.38476599999996,233.794342,-140.00276200000005,,,1132.562194760182,403.3587321079294
2.7053969999999987,-5.845728,-6.011083000000001,302.2676389999999,228.333405,-137.36673000000005,,,1132.5427696118147,402.953456290452
3.7560269999999987,-5.314669,-6.5274350000000005,302.451782,228.17392,-113.80447400000007,,,1128.8250528757767,395.5905414763586
3.200606999999999,-4.844973,-6.215982000000001,293.63238499999994,242.932831,-139.48259000000004,,,1133.0291810010897,405.8222896928788
-1.008144,1.428733,-0.3978759999999998,26.44451900000003,-570.356018,145.976807,,,1215.6047877497028,589.3339698641788
-0.6938900000000001,1.636046,-0.36600599999999983,-30.158965999999968,-572.432373,144.002457,,,1216.23630516442,591.0373021312928
0.3059429999999997,-4.439,-1.582814,-8.939056000000079,-336.741486,-348.885345,,,1167.6124678162698,484.9698125362323
3.6442679999999985,-5.5103,-6.202977000000001,286.88220199999995,243.492035,-130.64422600000006,,,1129.8257055847155,398.31856938881106
3.230080999999999,-5.853127,-6.155630000000001,297.740173,234.41214,-123.48837300000007,,,1130.0464592219207,398.5569473282792
3.0230059999999987,-6.153353,-5.995711000000001,295.89050299999997,234.860199,-128.58212300000005,,,1130.4875054594809,399.05371216804855
3.3807879999999986,-5.441366,-6.682647000000001,318.239502,217.50412,-89.48452800000007,,,1128.4751326458195,395.716948842939
3.8194229999999987,-5.577198,-6.4439660000000005,298.454773,231.011261,-115.34214800000007,,,1128.0367347741828,394.6457466393697
3.0348709999999985,-5.090216,-6.172506000000001,296.1337889999999,238.983063,-142.21118200000006,,,1132.8461391557107,406.24148689442785
-1.5514070000000009,-3.282421,-3.8788049999999994,-194.38742100000007,-113.384949,-342.61843899999997,,,1160.6177773065515,409.9146384865519
3.0421179999999985,-5.348153,-6.481898000000001,313.523743,224.432526,-112.77493300000008,,,1130.8560363724464,401.7278701616621
0.4007920000000004,0.177105,2.050837,168.45989999999998,-540.690002,-118.44232200000005,,,1210.6121901748718,578.5784301298501
-2.588582000000001,-2.833336,-4.680649999999999,-263.4201350000001,-157.641296,-332.73287999999997,,,1155.075917418418,452.716373860138
3.5447619999999986,-4.743161,-6.3542440000000004,303.426575,238.635773,-122.53128100000008,,,1131.5703690005319,405.0044856480471
0.5036589999999995,-4.677989,-1.7758200000000002,35.81140099999992,-319.602448,-355.210266,,,1164.3217983014833,479.1685656227527
0.3417670000000004,1.120344,1.649284,162.70858799999996,-552.392944,-69.68634000000004,,,1211.131082913819,580.058820441976
3.9684009999999987,-5.750753,-6.422990000000001,291.1109619999999,231.566681,-128.87094100000004,,,1127.1348078202536,393.6704705463018
0.30087599999999987,-2.395341,-0.5487840000000002,138.49645999999996,-417.662598,-302.4623720000001,,,1200.9857409644796,533.9539321669123
3.5781379999999987,-5.035667,-6.263039000000001,301.05603,241.268036,-118.73761000000007,,,1130.9209742506325,403.66275332654897
1.5432999999999986,-6.9907,-6.403969,348.950439,139.616425,-123.20138500000007,,,1128.9067166954053,395.52210592328663
2.7639989999999988,-7.498068,-5.607321000000001,304.696594,223.668304,-111.23506200000007,,,1128.2611621428791,394.00604516629073
5.2560889999999985,-3.622811,-6.410686000000001,278.296631,272.751129,-89.68577600000006,,,1128.1430538721586,399.85713900522893
2.7566249999999988,-6.645195,-5.733536000000001,299.919617,238.306793,-123.20813000000007,,,1130.7540625617933,402.395511343589
5.700109999999998,-3.784443,-6.457900000000001,275.437805,267.622894,-90.55481000000006,,,1125.7168271816852,394.5734043625969
5.0166179999999985,-3.59235,-6.354697000000001,288.409912,268.486908,-87.74327100000006,,,1129.3621540497982,403.6884674015691
4.614812999999998,-4.653605,-6.721785000000001,287.890564,243.224884,-123.32267800000005,,,1126.5902649144452,396.544832202039
2.0926989999999988,-6.444267,-6.240203000000001,347.192566,171.81546,-111.65872200000007,,,1130.7082404404773,403.15121279657495
3.4912209999999986,-5.834268,-6.315394000000001,299.990906,233.800995,-123.27386500000007,,,1128.524146839579,399.8173267102479
3.481033999999999,-5.56211,-6.388732000000001,309.624878,232.316437,-109.76959200000007,,,1129.2176495255464,402.35289896400195
5.166423999999998,-4.354416,-6.770706000000001,284.737183,255.24118,-99.09959400000005,,,1125.3108459443552,395.0241168353304
3.6408149999999986,-5.61078,-6.668664000000001,316.965881,219.408478,-103.10066200000007,,,1127.30735604803,399.045356370953
4.462164999999998,-5.310131,-6.576433000000001,303.93810999999994,202.32901,-152.08041400000005,,,1126.5651334920676,395.52984125140745
0.7705019999999994,-5.205951,-3.055221,41.36871299999993,-319.472229,-324.926392,,,1153.3360308253618,457.5489435411719
2.4475139999999986,-6.056577,-5.874625000000001,321.85363799999993,215.468048,-137.3489840000001,,,1132.6546252057597,410.9513199986071
0.12038400000000046,0.08659,2.08774,174.42028799999997,-542.485962,-119.85061600000004,,,1210.3407578033552,582.3037231451021
3.3450289999999985,-5.199906,-6.359026000000001,310.64978,236.229462,-122.18043500000007,,,1130.8406718012932,408.9446212235186
0.14300999999999972,-3.785917,-1.305244,27.028136999999926,-393.258026,-329.024933,,,1177.311131349738,513.4586660469973
3.304427999999999,-6.737141,-6.1202570000000005,295.0712889999999,234.305939,-131.36653100000007,,,1127.490188427376,399.0281996422899
3.2711059999999987,-5.473795,-6.3672960000000005,315.18927,231.226959,-116.19947800000007,,,1130.3747166316132,407.81429741855925
3.8650079999999987,-5.972468,-6.763798000000001,311.88269,220.332428,-108.49642900000008,,,1125.5442017086668,396.9743899242914
2.5725339999999988,-5.92077,-6.284865000000001,332.102356,210.78653,-112.48034700000007,,,1131.1677041889059,409.1146105328335
4.413362999999999,-4.40404,-6.387415000000001,292.09759499999996,249.111359,-138.44989000000007,,,1129.727898655247,408.1002894248214
3.2463899999999986,-7.415576,-6.027020000000001,289.24438499999997,229.515533,-141.10736100000005,,,1126.0707682024251,395.28594899222844
3.8205659999999986,-6.674642,-6.427899000000001,279.18145799999996,235.17868,-150.06240800000006,,,1124.9399983999147,394.67711399612045
4.177912999999998,-6.011937,-6.881301000000001,304.768921,222.816803,-115.44392400000007,,,1124.2554202671206,394.78946603875187
4.440887999999998,-4.074385,-6.341319000000001,287.435364,269.854462,-115.59503200000006,,,1130.469758551727,410.85609471225195
-2.867787000000001,-1.04622,-6.0957159999999995,-280.89785800000004,55.574677,-306.02246099999996,,,1147.1207434267762,419.0965258614524
4.966645999999998,-4.551534,-6.7541850000000005,288.499451,247.46402,-124.23909000000008,,,1125.576074727959,399.88214001864344
3.7380579999999988,-6.176228,-6.620644000000001,309.46228,224.049774,-116.54521200000008,,,1126.148913332513,399.434588402625
3.4535499999999986,-7.555985,-6.092014000000001,272.96246299999996,234.535492,-157.14106800000005,,,1124.3528138444801,392.6941793137365
3.1282469999999987,-5.811155,-6.418381000000001,325.328247,219.410309,-103.94584700000007,,,1128.8943706122375,405.9360677497331
3.6326029999999987,-6.094243,-6.908284000000001,317.570923,211.297394,-111.77444500000007,,,1125.2179788823141,397.48132836816524
3.011889999999999,-5.731574,-6.230660000000001,319.584412,229.778839,-119.28701800000007,,,1130.98806359749,411.29296603383096
3.5294159999999986,-6.417079,-6.497720000000001,308.082275,225.243317,-121.09426900000007,,,1126.3792101241927,400.39113627424683
3.9911509999999986,-6.222581,-6.367135000000001,288.72930899999994,226.480682,-154.34471100000005,,,1125.835023438159,398.09597210782744
0.3398019999999993,-5.097108,-3.118766,-4.67187500000006,-372.419373,-271.949677,,,1154.1906796539297,461.1666104805649
0.7737459999999995,-5.016027,-2.558188,58.93759199999992,-273.448395,-379.150299,,,1157.2279917976405,471.1715332133552
3.620733999999999,-6.836435,-6.557848000000001,295.91180399999996,226.299042,-133.55044600000005,,,1124.6140449060736,395.740791154325
4.217032999999998,-5.931114,-7.145815000000001,314.71405,213.893768,-103.48487900000008,,,1123.217588003322,394.34071237736157
0.42137999999999953,-4.364062,-2.040222,-16.80108600000009,-281.832581,-402.742371,,,1166.052796832116,491.8468233125051
3.2494659999999986,-6.293413,-6.201645000000001,311.837524,231.575775,-119.88000500000007,,,1128.4811695371793,406.4987042293016
3.9595019999999987,-6.586952,-6.835387000000001,293.90106199999997,228.536774,-130.80821200000005,,,1123.348343124251,394.6107951408474
0.5987009999999996,-5.846358,-2.084963,40.71847499999992,-295.707214,-344.209717,,,1153.3493074519965,455.6106670120746
4.7811119999999985,-4.112085,-6.498918000000001,290.301147,264.361603,-113.51828000000008,,,1128.205710409232,408.71532022228337
4.213304999999998,-6.053021,-7.489483000000001,311.041504,215.985748,-104.81185900000007,,,1121.814155731688,392.9149861442516
3.7701159999999985,-6.428568,-6.823340000000001,310.548096,215.770782,-124.65879800000008,,,1124.4529225361105,398.1670079412928
3.947655999999998,-6.327728,-7.077688000000001,313.284546,212.643524,-115.09271200000008,,,1123.220815334189,395.740833648841
3.3460979999999987,-6.218426,-6.890735000000001,323.700745,209.404938,-111.75120500000007,,,1125.7585775822452,401.39871971805155
2.531298999999999,-5.939907,-6.071650000000001,331.0227049999999,215.856293,-129.2168120000001,,,1132.134709299207,415.7727203132286
3.6947859999999983,-2.548605,-7.574952000000001,360.497864,171.990875,-62.20042800000008,,,1129.4898184578735,404.2381281809168
0.6156480000000003,1.175488,1.5570689999999998,105.60919199999998,-566.68335,-79.91548200000003,,,1208.4219565201552,581.9534387435199
3.819700999999998,-6.591952,-7.224573000000001,315.272644,207.172577,-118.59375000000007,,,1122.6257724638251,395.4513803928799
5.565383999999998,-4.14509,-6.709075000000001,292.781433,260.473846,-93.36796600000007,,,1124.8729372689165,402.8463342697093
3.3226089999999986,-7.776959,-6.613423000000001,301.04522699999995,211.438019,-140.04681400000007,,,1122.8399819208435,393.6335538158256
-0.8003480000000015,-5.413989,-7.221367,214.3096309999999,47.341156,-349.55450400000007,,,1131.8499237973203,412.7446598775792
0.19147899999999973,-4.059352,-1.273869,59.91699199999993,-395.50946,-318.721832,,,1173.7784607838057,511.4698281162398
4.426926999999998,-6.180384,-7.545718000000001,295.131897,231.791534,-116.39856000000007,,,1120.7233155422439,392.9106471336268
5.177466999999998,-4.921613,-6.988041000000001,294.554138,243.923126,-117.21514900000007,,,1123.3132354779766,400.00002845703295
2.3773759999999986,-6.638739,-6.505885000000001,352.753296,185.086029,-91.11201500000008,,,1128.2454298600105,408.6479233364739
-4.005378000000001,-0.354164,-2.483545999999999,-411.58429,1.331238,-72.46794099999991,,,1162.509032222976,417.917458886556
4.028613999999998,-6.657331,-7.4192610000000005,300.32373,222.732452,-123.79417400000007,,,1120.9931422626992,393.8642983203574
4.349412999999998,-6.124524,-7.694846000000001,302.471191,229.083405,-102.86994900000008,,,1120.3028050487064,393.1288010800215
3.597191999999999,-6.87774,-6.959069000000001,315.481689,208.630829,-126.51203900000007,,,1123.4835891102282,398.8242907791068
3.0168099999999987,-6.500973,-6.040993000000001,316.174316,236.06424,-119.90153500000007,,,1129.2214131869798,412.3941095605049
3.4880419999999983,-6.909401,-7.696121000000001,307.344849,214.543976,-121.23202500000006,,,1120.9768061828934,393.9380379327719
2.8500999999999985,-5.877666,-6.279510000000001,334.269714,222.832062,-109.71359300000007,,,1130.4159632630813,416.4462054597008
-0.7068320000000001,1.508768,-0.6244169999999999,-53.44934099999996,-582.477295,157.461609,,,1217.290947144519,605.7481238540654
3.2243129999999987,-7.840399,-5.951194000000001,303.89965799999993,221.105865,-141.21122700000006,,,1125.0561652646502,401.476545143998
3.1075579999999987,-8.372584,-6.234610000000001,306.12737999999996,204.085175,-143.93345600000006,,,1122.6696419695334,395.0716026197643
3.5077689999999984,-6.752456,-7.192455000000001,319.44989,208.832977,-118.94627400000007,,,1123.0071237530062,399.75950345448666
3.5908309999999983,-7.184628,-7.252627000000001,312.99310299999996,202.793671,-134.01336700000004,,,1121.5979114638187,396.29476158271575
-0.858114,1.570331,-0.2140819999999998,17.361328000000032,-585.246948,145.025452,,,1215.9736839257666,603.1979671559269
4.616815999999998,-4.479862,-6.497876000000001,300.0501709999999,245.063324,-146.45152300000007,,,1128.1117519997742,414.1668582541072
4.194064999999998,-6.477298,-7.774859000000001,302.075806,227.896149,-110.93333400000007,,,1119.8751046433704,394.325565861428
3.9072729999999987,-7.787995,-5.842460000000001,277.25976599999996,204.004364,-194.76388500000004,,,1123.2415701887105,395.50439855166275
4.009152999999999,-6.700923,-7.6806920000000005,303.622437,223.361847,-117.00976600000007,,,1120.0958664328691,394.6750363076504
3.463424999999998,-7.355369,-7.497654000000001,304.03881799999994,213.663544,-131.60560600000005,,,1120.4815371080417,394.22296789520556
0.47766700000000045,0.036962,2.049717,167.14654499999997,-551.307617,-135.19914200000002,,,1210.5173480789113,591.7405377910085
3.4142089999999987,-7.282634,-6.571326000000001,312.82293699999997,212.490936,-137.85443100000006,,,1123.9105836319898,402.5101637745261
3.6893909999999983,-7.184189,-7.657523000000001,295.35961899999995,226.432831,-130.03195200000005,,,1119.8377114564414,394.230186606036
-0.6437280000000001,1.478589,-0.7231849999999999,-75.91595499999997,-583.258423,157.65852400000003,,,1217.5766916297305,608.9415656808685
3.7231949999999983,-7.006536,-7.448464000000001,311.158081,212.314789,-127.30236800000007,,,1121.017562306675,397.6214454705939
3.9319219999999984,-7.027145,-7.765187000000001,293.55810499999995,227.860504,-129.67250100000007,,,1119.1641970685089,393.5882719415303
4.3388149999999985,-6.596329,-7.916253000000001,285.719788,240.083527,-124.22728000000005,,,1118.6531522326302,393.32977803329754
3.3198549999999982,-7.483607,-7.142734000000001,322.53295899999995,190.977692,-136.8811650000001,,,1121.8992267579117,399.0444108300475
3.0678929999999984,-7.959922,-7.321848000000001,315.38183599999996,193.478668,-137.64787300000006,,,1120.4714409568858,394.774156184532
-1.0837840000000003,1.129499,-0.8455479999999997,-35.349669999999975,-591.040649,130.674042,,,1215.6150192392327,606.3450776513881
0.5083040000000002,-2.044858,0.9259839999999999,196.23394799999994,-463.266479,-298.56192000000004,,,1206.7925981708704,585.0323178994564
-0.7411390000000015,-5.082474,-6.753092,169.9492189999999,105.820953,-352.64810200000005,,,1136.2589383586824,405.51386533229737
1.3261230000000004,-0.1119,1.6908929999999998,3.0574649999999597,-524.55481,-181.566971,,,1203.6961825975854,555.0978848315648
-0.7735640000000001,1.500969,-0.5631649999999998,-20.72390699999997,-590.865601,147.493271,,,1216.5568215254066,609.3487537992634
1.3057350000000003,-1.552729,0.8870999999999997,-63.753357000000065,-341.645264,-275.503876,,,1204.483966269373,443.49561737792015
-1.1065420000000001,1.08684,-0.7250379999999997,-27.115966999999966,-591.806152,160.595154,,,1217.765012225265,613.8082768256518
0.1810439999999997,-4.44846,-1.436449,3.094878999999924,-379.324127,-342.230286,,,1168.7067104282407,510.8991488111705
0.33066200000000046,-0.526419,2.037444,187.91088899999997,-532.394897,-181.24908400000004,,,1208.1749149026393,592.9637923239918
